A,A,1
A Calzon Quitado,A Tacon Quita'o,1
A L'Aventure,Adventure,0
A Nos Amours,A Nos Amours,1
A Plate,Al ataque,0
A Toda Banda,A toda plana,0
A Volar Joven,A Vodka Movie,0
A.C.O.D.,A.W.O.L.,0
A.D. Police,AD Police Files,1
A.D. Police: Files 1 - 3,AD Police Files,1
A.D. Police: To Protect And Serve,A.D. Police: To Protect and Serve,1
A2,A2Z,0
ABBA: Dancing Queen / Waterloo,ABBA: Dancing Queen,1
ABBA: Dancing Queen: Interviews,ABBA: Dancing Queen,1
ABBA: In Concert,ABC in Concert,1
ABC Africa,Africa,0
ABC News Nightline: Children Of Bosnia,ABC News Nightline,1
ABC Of Nails,ABCD Nuls,0
ABC Stories,ABC Scope,0
ACT Together I,All Together Now,0
AIDS At Issue,At Issue,0
AMC Family Fun Pack,A Family Man,0
ARC,ACF,0
AV,A,0
AVS Classics,A Class Act,0
Aaahh!!! Real Monsters: Season 1,Aaahh!!! Real Monsters,1
Aaahh!!! Real Monsters: Season 2,Aaahh!!! Real Monsters,1
Aaahh!!! Real Monsters: Season 3,Aaahh!!! Real Monsters,1
Aaahh!!! Real Monsters: The Complete Series,Aaahh!!! Real Monsters,1
Aaina,Adriana,0
Aakheer,Amanhecer,0
Aakhri Baazi,Aakhri Daao,0
Aakrosh,Adarsh,0
Aaltra,Alcatraz,0
Aan,Ana,0
Aankhan,Aankhein,1
Aardvark,Aardvark,1
Aaron Loves Angela,Aaron Loves NY,0
Aarop,Anatropi,0
Aas,As,0
Aashiq,Ayakashi,0
Aastha,Aahat,0
Ab-Solutely Fabulous Abs,Absolutely Fabulous,1
Abacos,Anacostia,0
Abandoned (2001),Abandoned,1
Abandoned (2010),Abandoned,1
Abandoned Mine,Abandoned,0
Abandoned Souls,AbandoRandoms,0
Abbott & Costello Christmas Show,Abbott & Costello,1
Abbott & Costello: Christmas Special,Abbott & Costello,1
Abby Singer,Abby in America,0
Abduction: Equations,Action Stations,0
Abductors,Actors,0
Abel,Anabel,0
Abel's Field,Angel's Friends,0
Aberdeen,Arende,0
Aberration,Aber Vati!,0
Abigail's Party,Abigail's Destiny,1
Abismo De Pasion,Abismo de pasión,1
Abiyoyo,Ayoye,0
Ablaze,Abiola,0
Abnatomy,Anatomy,1
Abolition,Absolution,0
Abominable,Animal,0
Abortion,Absolution,0
Abouna,Artbound,0
About A Zombie,About Time,0
About Alex,About Men,0
About Cherry,About Men,0
About Jenny Holzer,About the Home,0
About Miracles,About Faces,0
About Sarah,About a Girl,0
About Tap,About Face,0
About Time (2013),About Time,1
About Time (UNK),About Time,1
About Your Deposition,About Your Garden,0
Above And Beyond The Bar,Above and Beyond,1
Above Suspicion (1995),Above Suspicion,1
Above Suspicion (2000),Above Suspicion,1
Above Suspicion (2011): Set 2: Deadly Intent,Above Suspicion: Deadly Intent,1
Above Suspicion (2012): Set 3: Silent Scream,Above Suspicion: Silent Scream,1
Above The Law (1986),Above the Law,1
Above The Rim,Above the Line,0
Abraham's Valley,Abraham's Children,0
Abrazame Muy Fuerte,Abrázame muy fuerte,1
Abrupt Decision,About Religion,0
Abs Yoga,Aire Yoga,0
Absence,Aspen,0
Absentia,Amnesia,0
Absolon,Absolution,0
Absolute Aggression,Absolute Power,0
Absolute Best,Absolutt,0
Absolute Fear,Absolute Power,0
Absolute Killers,Absolute Power,0
Absolute Power,Absolute Power,1
Absolute Power (Blu-ray),Absolute Power,1
Absolute Power (Old Version),Absolute Power,1
Absolute Wilson,Absolution,0
Absolutely Bootyful,Absolutely True,0
Absolutely Bootyful 2,Absolutely True,0
Absolutely Fabulous Abs,Absolutely Fabulous,1
Absolutely Fabulous: Absolutely All Of It,Absolutely Fabulous,1
Absolutely Fabulous: Absolutely Special,Absolutely Fabulous,1
Absolutely Fabulous: Series #1,Absolutely Fabulous,1
Absolutely Fabulous: Series #2,Absolutely Fabulous,1
Absolutely Fabulous: Series #3,Absolutely Fabulous,1
Absolutely Fabulous: Series #5,Absolutely Fabulous,1
Absolutely Fabulous: White Box,Absolutely Fabulous,1
Absolutely Irish,Absolutely,0
Absolutely Positive,Absolute Power,0
Absolutely Safe,Absolutely,0
Absolution (1997),Absolution,1
Abstract Art,Abstract Poverty,0
Abstraction,Attractions,0
Absurdistan,Absurdistan,1
Abused,Accused,0
Acacia,Acacias 38,0
Acadia,Academia,0
Acapulco, Cuerpo Y Alma,Acapulco, cuerpo y alma,1
Accel World: Set 1,Accel World,1
Accel World: Set 2,Accel World,1
Acceptable Risk,Acceptable TV,0
Acceptance,Acceptable TV,1
Accident (UNK),Accident,1
Accidental Activist,Accidental Addict,0
Accidental Hero,Accidental Fortune,0
Accidental Husband,Accidental Fortune,0
Accidental Love,Accidental Fortune,0
Accidental Spy (Miramax),Accidental Family,0
Accidental Tourist,Accidental Tourist,1
Accidents Happen,Accidents Can Happen,1
Accion Mutante,Action Man,0
Accompaniment,Acompáñame,0
According To Dom,According to Dora,0
According To Greta,According to Dora,0
According To Spencer,According to Bex,0
Accounting,A Haunting,0
Ace Ventura: Pet Detective,Ace Ventura: Pet Detective,1
Ace Ventura: Pet Detective (Blu-ray),Ace Ventura: Pet Detective,1
Ace Ventura: Pet Detective (Old Version),Ace Ventura: Pet Detective,1
Ace Ventura: Pet Detective Jr.,Ace Ventura: Pet Detective,1
Ace Wonder,Accel World,0
Aces,Aces,1
Aces High,Acol Heights,0
Acolytes,Alcores,0
Acompaname,Acompáñame,1
Acorralada,Acorralada,1
Acorralado,Acorralada,0
Acorralados,Acorralada,0
Acosado,Aficionados,0
Acres Of Change,Arise Xchange,0
Across The Bridge (VCI),Across the Board,0
Across The Hall (Image),Across the Hall,1
Across The Hall (Paradox),Across the Hall,1
Across The Moon,Across the Board,0
Across The Tracks,Across the Hall,0
Act In Action,Actors on Acting,0
Act Of Faith,Art of Faith,1
Act Of Killing,Act of Will,0
Act Of Will,Act of Will,1
Acting 101,Acting,1
Acting Out,Acting Out,1
Action 3-Pack,Auction Packed,0
Action Angels,Auction Agent,0
Action Jackson,Action Man,0
Action Replayy,Auction Day,0
Action Six Pack,Auction Packed,0
Actor's And Sin,Actor's Studio,0
Actores,Actors,1
Acts Of God,Ask God,0
Adam & Evil,Adam & Ève,1
Adam's Rib (1923),Adam's Rib,1
Adams Chronicles,Amy's Choice,0
Adanggaman,Adarna,0
Adaptation To Site,Adoption Tales,0
Addicted To Fame,Addicted to Food,0
Addicted To Her Love,Addicted to Pleasure,0
Addicted To Love,Addicted to Money,0
Addiction (2003),Addiction,1
Addition,Addiction,0
Adele's Wish,Adelfes psyhes,0
Adelheid,Adeland,0
Adirondacks,Addicks,0
Admission,Admissions,0
Admissions,Admissions,1
Adolescent Addict,Accidental Addict,0
Adonis Factor,Algo's Factory,0
Adoption,Adoption,1
Adoption Option,Adoption Stories,0
Adore,Amores,0
Adrenalin Rush,Adrenaline Rush Hour,1
Adrenaline Drive,Adrenaline,0
Adrenaline Of Love,Adrenaline TV,0
Adrenaline Rush (UNK),Adrenaline Rush Hour,1
Adult Beginners,Alien Hunters,0
Adult World,Accel World,0
Advanced Badminton,Advance Warning,0
Advanced Day Trading,Advance Warning,0
Advanced Editing,Advanced Filmmaking,0
Advanced Tennis,Advance Warning,0
Advent Calendar On DVD,Advent Calendar 2013,0
Advent Calendar On DVD 2,Advent Calendar 2013,0
Adventure (3-Pack),Adventure Cab,0
Adventure Golf,Adventure Girls,0
Adventure In Israel,Adventure Island,0
Adventure Island,Adventure Island,1
Adventure Movie Pack,Adventure Divas,0
Adventure Of Photography,Adventure Toyota,0
Adventure Planet,Adventure Central,0
Adventure Time: Finn The Human,Adventure Time with Finn & Jake,1
Adventure Time: Fionna And Cake,Adventure Time with Finn & Jake,1
Adventure Time: Frost & Fire,Adventure Time with Finn & Jake,1
Adventure Time: Princess Day,Adventures in Paradise,0
Adventure Time: The Suitor,Adventure Theater,0
Adventurers (1995),Adventurer,0
Adventures Beyond The Pavement,Adventures Beyond Belief,0
Adventures Beyond: Killer Chupacabra,Adventures Beyond Belief,0
Adventures In Appletown,Adventures 4 Pets,0
Adventures In Aviation,Adventures in Assisting,0
Adventures In Babysitting,Adventures in Assisting,0
Adventures In Birdwatching,Adventures in Speed Dating,0
Adventures In Booga Booga Land, Vol. 1,Adventures in Booga Booga Land,1
Adventures In Booga Booga Land, Vol. 1 (ISBN Version),Adventures in Booga Booga Land,1
Adventures In Booga Booga Land, Vol. 2,Adventures in Booga Booga Land,1
Adventures In Booga Booga Land: Runaway And Other Episodes,Adventures in Booga Booga Land,1
Adventures In Europe,Adventures of Superman,0
Adventures In Odyssey Collection,Adventures in Odyssey,1
Adventures In Odyssey: A Twist In Time,Adventures in Odyssey,1
Adventures In Odyssey: In Harms Way,Adventures in Odyssey,1
Adventures In Odyssey: Star Quest,Adventures in Odyssey,1
Adventures In Oz With Cheryl,Adventures on the Fly!,0
Adventures In Plymptoons!,Adventures 4 Pets,0
Adventures In Pornoland,Adventures in Wonderland,0
Adventures In Retirement,Adventures 4 Pets,0
Adventures In Surface Design,Adventures of Superman,0
Adventures In The Sin Bin,Adventures in Parenting,0
Adventures In Zambezia,Adventures in Jazz,0
Adventures Of Bandolero,Adventures of a Jungle Boy,0
Adventures Of Barry Mckenzie,Adventures of Brett Manning, The,0
Adventures Of Brer Rabbit,Adventures of Chhota Birbal,0
After The Banquet,After the Bee,0
After The Dark,After Dark,1
After The Dawn,After the Runway,0
After The Deluge,After the Bee,0
After The End,After the Runway,0
After The Fall (2014),After the Fall,1
After The Fall (UNK),After the Fall,1
After The Fox,After the Fall,0
After The Harvest,After the Party,0
After The Rain,After the Warming,0
After The Tsunami,After the Runway,0
After The War,After the War,1
After The Wedding,After the Warming,0
After The Wizard,After the War,0
After Tiller,After Hell,0
After Words,After Hours,0
Afterburn,After Hours,0
Afterglow,Afterworld,0
Afterhours,After Hours,1
Afterlife (2005): Season 1,Afterlife Sessions,0
Afterlife (2005): Season 2,Afterlife Sessions,0
Afterlife (2010),Afterlife,1
Afterlife Investigations,Afterlife Sessions,0
Afterlight,After Midnight,0
Aftermath & Genesis,After the Game,0
Aftermath (1991),Aftermath,1
Aftermath (2013),Aftermath,1
Afternoon Delight,Aspen Delight,0
Afterschool,After School,1
Aftershock (1988),Aftershock,1
Aftershock (2010),Aftershock,1
Aftershock (2012),Aftershock,1
Against All Odds (Image/ Blu-ray),Against All Odds,1
Against The Current,Against the Crowd,0
Against The Dark,Against the Day,0
Against The Elements,Against the Elements,1
Against The Grain (2014),Against the Grain,1
Against The Grain (UNK),Against the Grain,1
Against The Law,Against the Law,1
Against The Sun,Against the Wind,0
Against The Wall (1994),Against the Wall,1
Against The Wild,Against the Wind,1
Against The Wind (1990),Against the Wind,1
Against Their Will,Against the Wall,0
Agatha Christie,Agatha Christie: Marple,1
Agatha Christie Hour: Set 1,Agatha Christie's Poirot,0
Agatha Christie Hour: Set 2,Agatha Christie's Poirot,0
Agatha Christie Megaset Collection,Agatha Christie: Marple,0
Agatha Christie's Marple: Series 6,Agatha Christie's Marple,1
Agatha Christie's Miss Marple: Coffret 3,Agatha Christie's Marple,1
Agatha Christie's Miss Marple: Gift Set,Agatha Christie's Marple,1
Agatha Christie's Miss Marple: Set 1,Agatha Christie's Marple,1
Agatha Christie's Miss Marple: Set 2,Agatha Christie's Marple,1
Agatha Christie's Poirot #01 & 02: Blue Set,Agatha Christie's Poirot,1
Agatha Christie's Poirot #03 & 04: Bronze Set,Agatha Christie's Poirot,1
Agatha Christie's Poirot #05 & 06: Green Set,Agatha Christie's Poirot,1
Agatha Christie's Poirot #07 & 08: Purple Set,Agatha Christie's Poirot,1
Agatha Christie's Poirot #09 & 10: Silver Set,Agatha Christie's Poirot,1
Agatha Christie's Poirot #11,Agatha Christie's Poirot,1
Agatha Christie's Poirot #11 & 12: Red Set,Agatha Christie's Poirot,1
Agatha Christie's Poirot #12,Agatha Christie's Poirot,1
Agatha Christie's Poirot: Classic Collection, Vol. 2,Agatha Christie's Poirot,1
Agatha Christie's Poirot: Death In The Clouds,Agatha Christie's Poirot,1
Agatha Christie's Poirot: Death On The Nile,Agatha Christie's Poirot,1
Agatha Christie's Poirot: Dumb Witness,Agatha Christie's Poirot,1
Agatha Christie's Poirot: Evil Under The Sun,Agatha Christie's Poirot,1
Agatha Christie's Poirot: Hercule Poirot's Christmas,Agatha Christie's Poirot,1
Agatha Christie's Poirot: Hickory Dickory Dock,Agatha Christie's Poirot,1
Agatha Christie's Poirot: Lord Edgware Dies,Agatha Christie's Poirot,1
Agatha Christie's Poirot: Murder In Mesopotamia,Agatha Christie's Poirot,1
